USE gunmarket;

INSERT INTO product (product_Id,
                     DTYPE,
                     gun_caliber,
                     gun_family,
                     product_manufacturer,
                     product_name,
                     product_price,
                     product_category,
                     gun_subcategory)
VALUES (1,
        'Gun',
        '7.62x39',
        'Ak',
        'Century Arms',
        'Century Arms Romanian GP WASR AK-47 , 7.62X39, Wood Stock, Flash Hider, 30 Rd Mag',
        '690',
        'rifles',
        'semi-auto rifles'),
       (2,
        'Gun',
        '7.62x39',
        'Ak',
        'Century Arms',
        'Century C39v2 (Milled) W/Zhukov Magpul Furniture, 1X30rd Magpul Mag 7.62x39',
        '970',
        'rifles',
        'semi-auto rifles'),
       (3,
        'Gun',
        '5.56x45',
        'Ak',
        'Arsenal',
        'Arsenal AK Pistol SA 5.56 NATO 8.5" MB 20+1 Syn Grip w/PSB',
        '860',
        'rifles',
        'semi-auto rifles'),
       (4,
        'Gun',
        '7.62x39',
        'Ak',
        'Century Arms',
        'CIA C39V2 PISTOL 762X39 30RD W/BLADE',
        '860',
        'rifles',
        'semi-auto rifles'),
       (5,
        'Gun',
        '5.56x45',
        'Ar',
        'Smith & Wesson',
        'Smith & Wesson M&P15 Sport II AR-15 5.56mm, 16" Barrel, Forward Assist, Dust Cover, 30rd Mag',
        '550',
        'rifles',
        'semi-auto rifles'),
       (6,
        'Gun',
        '5.56x45',
        'Ar',
        'Sig Sauer',
        'Sig 516 Gen2 Patrol 5.56/223, 16" Barrel, SPOMOD Stock, 30rd Mag',
        '1600',
        'rifles',
        'semi-auto rifles'),
       (7,
        'Gun',
        '5.56x45',
        'Ar',
        'Bushmaster',
        'Bushmaster QRC Quick Response Carbine AR-15 5.56/223 16" Barrel No Optic 30rd Mag',
        '540',
        'rifles',
        'semi-auto rifles');

INSERT INTO product (product_Id,
                     DTYPE,
                     product_manufacturer,
                     product_name,
                     product_price,
                     product_category,
                     ammo_caliber)
VALUES (8,
        'Ammo',
        'Federal Ammunition',
        'Federal XM 5.56 NATO Boat Tail Metal Case 55 GR 20rd/Box',
        '9',
        'rifle ammo',
        '5.56x45'),
       (9, 'Ammo', 'CCI Ammunition', 'CCI BLAZER 9mm Full Metal Jacket 115 GR 50Box', '9', 'pistol ammo', '9x19'),
       (10, 'Ammo', 'Remington', 'Remington UMC 45 ACP 230gr Metal Case 50rd/Box', '20', 'pistol ammo', '45 acp');

INSERT INTO product (product_Id,
                     DTYPE,
                     product_manufacturer,
                     product_name,
                     product_price,
                     product_category,
                     part_subcategory,
                     part_family,
                     part_inner_or_outer)
VALUES (11,
        'Part',
        'FN America',
        'FN AR-15 Hammer-Forged Barrel 223/5.56 20" Rifle Length Gas System',
        '300',
        'AR15 Parts',
        'AR15 Barrels',
        'Ar',
        'inner'),
       (12,
        'Part',
        'MagPul',
        'Magpul MOE Vertical Grip, Flat Dark Earth, For MOE / ACR Handguards',
        '17',
        'Grips',
        'Tactical grip',
        'Universal',
        'outer');

INSERT INTO shop (shop_Id, address, name, website)
VALUES (1, '2710 S 1900 W Ogden, UT 84401', 'Impact guns', 'https://www.impactguns.com/'),
       (2, '180 Park Center Drive Parkersburg, West Virginia, US, 26101', 'RKGuns', 'https://www.rkguns.com/'),
       (3, '170 Street Edmonton, Alberta T5T 4M2', 'Wild west', 'https://gun-shop.ca/');

INSERT INTO shop_product (shop_Id, product_Id)
VALUES (1, 1),
       (1, 3),
       (1, 4),
       (1, 6),
       (1, 8),
       (1, 9),
       (2, 10),
       (2, 2),
       (2, 3),
       (2, 4),
       (2, 6),
       (2, 8),
       (3, 9),
       (3, 1),
       (3, 10),
       (3, 2),
       (3, 3),
       (3, 7);

INSERT INTO shop_product (shop_Id, product_Id)
VALUES (1, 11),
       (1, 12),
       (2, 11),
       (2, 12);




