USE gunmarket;

INSERT INTO caliber(caliber_Id, caliber_value)
VALUES
       (1,'7.62x39'),
       (2,'5.56x45'),
       (3,'9x19'),
       (4,'45 acp');

INSERT INTO manufacturer(manufacturer_Id, manufacturer_name)
VALUES
       (1,'Century Arms'),
       (2,'Arsenal'),
       (3,'Smith & Wesson'),
       (4,'Sig Sauer'),
       (5,'Bushmaster'),
       (6,'Federal Ammunition'),
       (7,'CCI Ammunition'),
       (8,'Remington'),
       (9,'FN America'),
       (10,'MagPul');

INSERT INTO weaponplatform(weaponPlatform_Id, weaponPlatform_name)
VALUES
       (1,'Ak'),
       (2,'Ar'),
       (3,'WithoutBinding');

INSERT INTO product (product_Id,
                     DTYPE,
                     caliber_Id,
                     weaponPlatform_Id,
                     manufacturer_Id,
                     product_name,
                     product_price,
                     product_category,
                     gun_subcategory,
                     part_inner_or_outer,
                     part_subcategory)
VALUES (1,
        'Gun',
        1,
        1,
        1,
        'Century Arms Romanian GP WASR AK-47 , 7.62X39, Wood Stock, Flash Hider, 30 Rd Mag',
        '690',
        'rifles',
        'semi-auto rifles',
        null,
        null),
       (2,
        'Gun',
        1,
        1,
        1,
        'Century C39v2 (Milled) W/Zhukov Magpul Furniture, 1X30rd Magpul Mag 7.62x39',
        '970',
        'rifles',
        'semi-auto rifles',
        null,
        null),
       (3,
        'Gun',
        2,
        1,
        2,
        'Arsenal AK Pistol SA 5.56 NATO 8.5" MB 20+1 Syn Grip w/PSB',
        '860',
        'rifles',
        'semi-auto rifles',
        null,
        null),
       (4, 'Gun', 1, 1, 1, 'CIA C39V2 PISTOL 762X39 30RD W/BLADE', '860', 'rifles', 'semi-auto rifles', null, null),
       (5,
        'Gun',
        2,
        2,
        3,
        'Smith & Wesson M&P15 Sport II AR-15 5.56mm, 16" Barrel, Forward Assist, Dust Cover, 30rd Mag',
        '550',
        'rifles',
        'semi-auto rifles',
        null,
        null),
       (6,
        'Gun',
        2,
        2,
        4,
        'Sig 516 Gen2 Patrol 5.56/223, 16" Barrel, SPOMOD Stock, 30rd Mag',
        '1600',
        'rifles',
        'semi-auto rifles',
        null,
        null),
       (7,
        'Gun',
        2,
        2,
        5,
        'Bushmaster QRC Quick Response Carbine AR-15 5.56/223 16" Barrel No Optic 30rd Mag',
        '540',
        'rifles',
        'semi-auto rifles',
        null,
        null),
       (8, 'Ammo', 2, 0, 6, 'Federal XM 5.56 NATO Boat Tail Metal Case 55 GR 20rd/Box', '9', 'rifle ammo', null, null, null),
       (9, 'Ammo', 3, 0, 7, 'CCI BLAZER 9mm Full Metal Jacket 115 GR 50Box', '9', 'pistol ammo', null, null, null),
       (10, 'Ammo', 4, 0, 8, 'Remington UMC 45 ACP 230gr Metal Case 50rd/Box', '20', 'pistol ammo', null, null, null),
       (11,
        'Part',
        0,
        2,
        9,
        'FN AR-15 Hammer-Forged Barrel 223/5.56 20" Rifle Length Gas System',
        '300',
        'AR15 Parts',
        null,
        'inner',
        'AR15 Barrels'),
       (12,
        'Part',
        0,
        3,
        10,
        'Magpul MOE Vertical Grip, Flat Dark Earth, For MOE / ACR Handguards',
        '17',
        'Grips',
        null,
        'outer',
        'Tactical grip');

INSERT INTO shop (shop_Id, address, name, website)
VALUES (1, '2710 S 1900 W Ogden, UT 84401', 'Impact guns', 'https://www.impactguns.com/'),
       (2, '180 Park Center Drive Parkersburg, West Virginia, US, 26101', 'RKGuns', 'https://www.rkguns.com/'),
       (3, '170 Street Edmonton, Alberta T5T 4M2', 'Wild west', 'https://gun-shop.ca/');

INSERT INTO shop_product (shop_Id, product_Id)
VALUES (1, 1),
       (1, 3),
       (1, 4),
       (1, 5),
       (1, 6),
       (1, 8),
       (1, 9),
       (1, 11),
       (1, 12),
       (2, 1),
       (2, 2),
       (2, 3),
       (2, 4),
       (2, 6),
       (2, 8),
       (2, 10),
       (2, 11),
       (3, 1),
       (3, 4),
       (3, 2),
       (3, 3),
       (3, 5),
       (3, 7),
       (3, 9);




